ACT_ID,Year,Date,Time,Project,Water_Body,Site_Name,Town,County,Gear,Lat_Start,Long_Start,Survey_location_description,Survey_comments,BS
UNK-Heads Pond-Hooksett,-9999,,,UNK,Heads Pond,,Hooksett,,,43.10038396,-71.43596453,Pond centroid,"Bridle shiners may have been extirpated from the pond when the dam on the pond was breached, causing the water level to drop significantly. Habitat for bridle shiners appears suitable now that the pond has adjusted its new water level.",P
UNK-Lamprey River-Bunker Pond-Epping,-9999,,,UNK,Lamprey River,Bunker Pond,Epping,,,43.03823985,-71.12955943,Digitized coordinates from 1992 aerial imagery (Google Earth),Bridle shiners were extirpated from the impoundment upstream of the Bunker Pond Dam after its removal in 2011. The river channel that formed in the accumulated sediment upstream of the dam was too shallow to support aquatic vegetation. A remnant bridle shiner population exists in a small manmade pond that drains into the river downstream from the old dam.,P
UNK-Lower Suncook River-Downstream of Suncook Lakes,-9999,,,UNK,Lower Suncook River,Downstream of Suncook Lakes,Barnstead/Pittsfield,,,43.32309823,-71.30325486,Midpoint of Suncook River polygon downstream of Suncook Lakes,"Bridle shiners were only found at one site in the lower Suncook River despite multiple records from 1938. Much of the suitable bridle shiner habitat in the lower Suncook River, south of the Rt. 4 bridge, was altered by the river avulsion and subsequent sediment deposition caused by flooding in May, 2006.",P
UNK-Merrimack River,-9999,,,UNK,Merrimack River,,Multiple,,,,,Midpoint of NHDArea river polygon,Extirpated from multiple sites. Habitat has been altered due to channelization and flood control. Very little aquatic vegetation left. Water clarity can be poor in the few remaining backwaters with suitable habitat.,P
19380616-Harrington-Suncook River-Channel between the Suncook Ponds-Barnstead,1938,19380616,,Harrington,Suncook River,Channel between the Suncook Ponds,Barnstead,,,43.37955174,-71.27361242,Point in approximately center of channel: exact location unknown,"720 bridle shiners collected by Harrington in the channel between the Suncook Ponds in Barnstead, NH. Harrington 1948",P
1938-Jones Farm Pond-Canterbury,1938,,,UNK,Jones Farm Pond,,Canterbury,,,,,,Jones Farm pond is a small pond in Canterbury where bridle shiners were recorded in 1938. The pond may have once have been connected to the Merrimack River. It is surrounded by agricultural land and has become extremely eutrophic. There are no longer bridle shiners in the pond.,P
1938-Warner River,1938,,,UNK,Warner River,,Multiple,,,43.24514714,-71.62249786,Midpoint of NHDArea river polygon,"Recorded as present in 1938, but there is no sign of suitable bridle shiner habitat at the approximate site of the historical record. The population may have been extirpated due to habitat changes caused by a breached dam downstream from the site.",P
19460618-Harrington-Oyster River-Mill Pond-Durham,1946,19460618,,Harrington,Oyster River,Mill Pond,Durham,,,43.130431,-70.92090284,Mill Pond: an impoundment of the Oyster River,"The bridle shiner population in Mill Pond, an impoundment on the Oyster River, was studied extensively by Harrington (1947). The population appears to have been extirpated from the pond, possibly during the construction of a fish ladder, which required draining the impoundment upstream of the dam in the 1970’s.",P
1947-Canobie Lake-Salem/Windham,1947,,,UNK,Canobie Lake,,Salem/Windham,,,42.79588131,-71.25524414,Lake centroid,Extirpated due to loss of habitat from shoreline development.,P
1947-Lower Suncook Lake-Barnstead,1947,,,UNK,Lower Suncook Lake,,Barnstead,,,43.37019733,-71.26523831,Lake centroid,"Presumed extirpated. The Suncook Lakes have a long history of intensive milfoil control, drawdowns, and aquatic vegetation loss from shoreline development.",P
1947-Pleasant Lake-Deerfield,1947,,,UNK,Pleasant Lake,,Deerfield,,,43.19053025,-71.26006856,Point at northern end of cove: no precise survey location known,Extirpated due to loss of habitat from shoreline development.,P
1947-Shadow Lake-Salem/Windham,1947,,,UNK,Shadow Lake,,Salem/Windham,,,42.81891546,-71.2393033,Lake centroid,Extirpated due to loss of habitat from shoreline development.,P
1947-Wheelwright Pond-Lee,1947,,,UNK,Wheelwright Pond,,Lee,,,43.13737961,-71.01073923,Unknown survey location: lat/long point in center of pond,"Noted as present by Harrington (1947), bridle shiners appear to no longer exist in the pond. The cause of extirpation is unknown. Current habitat appears suitable for bridle shiners.",P
1947-Winnipesaukee Lake-Fish Cove-Meredith,1947,,,UNK,Winnipesaukee Lake,Fish Cove,Meredith,,,43.64422564,-71.43832745,Digitized coordinates: northern end of cove,Presumed extirpated from Fish Cove. The cove has a long history of herbicide treatments to control variable milfoil,P
1947-Winnisquam Lake-Sanbornton/Laconia/Belmont,1947,,,UNK,Winnisquam Lake,,Sanbornton/Laconia/Belmont,,,43.53961678,-71.50711264,Lake centroid,Extirpated due to loss of habitat from shoreline development.,P
19850626-Piscataquog River-Goffstown-EFISH,1985,19850626,,UNK,Piscataquog River,,Goffstown,,EFISH,43.011755,-71.529439,Digitized from NH Fish survey map (StoryMap),1985 Fish Survey Presence Absence Data,P
19850701-Piscataquog River-Goffstown-EFISH,1985,19850701,,UNK,Piscataquog River,,Goffstown,,EFISH,43.01191,-71.53313,Digitized from NH Fish survey map (StoryMap),1985 Fish Survey Presence Absence Data,P
19850702-Riddle Brook-Bedford-EFISH,1985,19850702,,UNK,Riddle Brook,,Bedford,,EFISH,42.959043,-71.544588,Digitized from NH Fish survey map (StoryMap),1985 Fish Survey Presence Absence Data,P
19850705-Oyster River-Lee-EFISH,1985,19850705,,UNK,Oyster River,,Lee,,EFISH,43.148229,-70.965732,Digitized from NH Fish survey map (StoryMap),1985 Fish Survey Presence Absence Data,P
19850709-Ela River-Farmington-EFISH,1985,19850709,,UNK,Ela River,,Farmington,,EFISH,43.398011,-71.099955,Digitized from NH Fish survey map (StoryMap),1985 Fish Survey Presence Absence Data,P
19850711-Cocheco River-Farmington-EFISH,1985,19850711,,UNK,Cocheco River,,Farmington,,EFISH,43.387301,-71.060809,Digitized from NH Fish survey map (StoryMap),1985 Fish Survey Presence Absence Data,P
19850718-Branch River-Wakefield-EFISH,1985,19850718,,UNK,Branch River,,Wakefield,,EFISH,43.522084,-71.023039,Digitized from NH Fish survey map (StoryMap),1985 Fish Survey Presence Absence Data,P
19850911-Lamprey River-Lee-EFISH,1985,19850911,,UNK,Lamprey River,,Lee,,EFISH,43.09129,-71.0073,Digitized from NH Fish survey map (StoryMap),1985 Fish Survey Presence Absence Data,P
19860610-Baboosic Brook-Merrimack-EFISH,1986,19860610,,UNK,Baboosic Brook,,Merrimack,,EFISH,42.885709,-71.536848,Digitized from NH Fish survey map (StoryMap),1986 Fish Survey Presence Absence Data,P
19870609-Baboosic Brook-Amherst-EFISH,1987,19870609,,UNK,Baboosic Brook,,Amherst,,EFISH,42.90028,-71.579663,Digitized from NH Fish survey map (StoryMap),1987 Fish Survey Presence Absence Data,P
19870609-Beaver Brook-Amherst-EFISH,1987,19870609,,UNK,Beaver Brook,,Amherst,,EFISH,42.858715,-71.616428,Digitized from NH Fish survey map (StoryMap),1987 Fish Survey Presence Absence Data,P
19980824-Lamprey River-Lee-EFISH,1998,19980824,,UNK,Lamprey River,,Lee,,EFISH,43.04814,-71.20793,Digitized from NH Fish survey map (StoryMap),1985 Fish Survey Presence Absence Data,P
19980825-North River-Nottingham-EFISH,1998,19980825,,UNK,North River,,Nottingham,,EFISH,43.163398,-71.110844,Digitized from NH Fish survey map (StoryMap),1998 Fish Survey Presence Absence Data,P
19980827-Lamprey River-Raymond-EFISH,1998,19980827,,UNK,Lamprey River,,Raymond,,EFISH,43.04814,-71.20793,Digitized from NH Fish survey map (StoryMap),1998 Fish Survey Presence Absence Data,P
19980827-Mad River-Farmington-EFISH,1998,19980827,,UNK,Mad River,,Farmington,,EFISH,43.387781,-71.072873,Point in between Mad River and Ela River: snapped to Mad River,1998 Fish Survey Presence Absence Data,P
20000711-Shaker Brook-Loudon-EFISH,2000,20000711,,UNK,Shaker Brook,,Loudon,,EFISH,43.327703,-71.488283,Digitized from NH Fish survey map (StoryMap),2000 Fish Survey Presence Absence Data,P
20010620-Little Suncook River-Epsom-EFISH,2001,20010620,,UNK,Little Suncook River,,Epsom,,EFISH,43.221587,-71.329614,Digitized from NH Fish survey map (StoryMap),2001 Fish Survey Presence Absence Data,P
20030825-Lamprey River-East of Wadleigh Falls Rd-Lee-EBOAT,2003,20030825,,UNK,Lamprey River,East of Wadleigh Falls Rd,Lee,,EBOAT,43.090455,-71.00293,Digitized from NH Fish survey map (StoryMap),2003 Fish Survey Presence Absence Data,P
20030825-Lamprey River-West of Wadleigh Falls Rd-Lee-EBOAT,2003,20030825,,UNK,Lamprey River,West of Wadleigh Falls Rd,Lee,,EBOAT,43.085992,-71.016352,Digitized from NH Fish survey map (StoryMap),2003 Fish Survey Presence Absence Data,P
20030826-Lamprey River-ReachCode01060003001832-Lee-EBOAT,2003,20030826,,UNK,Lamprey River,ReachCode01060003001832,Lee,,EBOAT,43.086281,-70.999148,Digitized from NH Fish survey map (StoryMap),2003 Fish Survey Presence Absence Data,P
20030826-Lamprey River-ReachCode01060003001872-Lee-EBOAT,2003,20030826,,UNK,Lamprey River,ReachCode01060003001872,Lee,,EBOAT,43.087238,-70.994446,Digitized from NH Fish survey map (StoryMap),2003 Fish Survey Presence Absence Data,P
20030827-Lamprey River-Lee-EBOAT,2003,20030827,,UNK,Lamprey River,,Lee,,EBOAT,43.098367,-71.000301,Digitized from NH Fish survey map (StoryMap),2003 Fish Survey Presence Absence Data,P
20050616-1400-WAP-Soucook River-Loudon-SEINE,2005,20050616,1400,WAP,Soucook River,0,Loudon,MERRIMACK,SEINE,43.2862,-71.4686,0,0,P
20050707-1200-WAP-Powwow River-South Hampton-SEINE,2005,20050707,1200,WAP,Powwow River,0,South Hampton,ROCKINGHAM,SEINE,42.8762,-70.9915,0,0,P
20050801-1130-WAP-Suncook River-Epsom-SEINE,2005,20050801,1130,WAP,Suncook River,0,Epsom,MERRIMACK,SEINE,43.2016,-71.3823,0,0,P
20050801-1330-WAP-Little Suncook River-Epsom-SEINE,2005,20050801,1330,WAP,Little Suncook River,0,Epsom,MERRIMACK,SEINE,43.2239,-71.311,0,0,P
20050803-1100-WAP-Jones Brook-Middleton-SEINE,2005,20050803,1100,WAP,Jones Brook,0,Middleton,STRAFFORD,SEINE,43.4805,-71.0416,0,0,P
20050803-1345-WAP-Cocheco River-Farmington-SEINE,2005,20050803,1345,WAP,Cocheco River,0,Farmington,STRAFFORD,SEINE,43.4067,-71.0862,0,0,P
20050812-1200-WAP-Suncook River-Pembroke-SEINE,2005,20050812,1200,WAP,Suncook River,0,Pembroke,MERRIMACK,SEINE,43.1598,-71.4062,Seined upstream side of White Oak Rd,0,P
20050812-1220-WAP-Coffin Brook-Alton-SEINE,2005,20050812,1220,WAP,Coffin Brook,0,Alton,BELKNAP,SEINE,43.4239,-71.2322,0,0,P
20050919-1225-WAP-Purity Lake-Madison-SEINE,2005,20050919,1225,WAP,Purity Lake,0,Madison,CARROLL,SEINE,43.8611,-71.08871,0,Seined in SAV above dam.  Accessed location via small road off of Horseleg Rd.,P
20050919-1515-WAP-Trout Pond-Freedom-SEINE,2005,20050919,1515,WAP,Trout Pond,0,Freedom,CARROLL,SEINE,43.8402,-71.1293,0,from Rte 41 go right on Ossipee lake rd take a left on Shawtown Rd.  Take left at 1st dirt road ? Jackman Ridge Rd( snowmobil/ATV Trail drive ~ 1 mile then take a right drive to pond area.   ,P
20051012-1345-WAP-Isinglass River-Barrington-SEINE,2005,20051012,1345,WAP,Isinglass River,0,Barrington,STRAFFORD,SEINE,43.2403,-71.0544,0,Rte 126 crossing.  Seined downstream side of crossing in back water.  High water levels due to heavy rain event,P
20060510-1500-WAP-Soucook River-Loudon-SEINE,2006,20060510,1500,WAP,Soucook River,0,Loudon,MERRIMACK,SEINE,43.28932,-71.46557,0,Sample area began slightly downstream of the RT. 106 bridge and ended under the bridge.  Area resampled just to do a quick reconfirmation of BS present,P
20060626-1030-WAP-Lamprey River-Raymond-SEINE,2006,20060626,1030,WAP,Lamprey River,0,Raymond,ROCKINGHAM,SEINE,43.05216,-71.21471,Off Rte 107 (Upper Rd) Muddy bottom with abundant vegetation. Depths limited sampling area.,Small Seine High number of fish in area including Bridle Shinners,P
20060626-1155-WAP-Exeter River-Fremont-SEINE,2006,20060626,1155,WAP,Exeter River,0,Fremont,ROCKINGHAM,SEINE,42.96618,-71.12067,"Sample area was just downstream of the Rte 11A  brige (near the junction of 11A, Red Brook Rd, and South Rd) in cove below washed out beaver dam in vegetation",Unknown fish species either BS or LMB,P
20060627-1400-WAP-Pemigewasset Lake-New Hampton-SEINE,2006,20060627,1400,WAP,Pemigewasset Lake,0,New Hampton,BELKNAP,SEINE,43.6187,-71.6042,0,Rte 104 to Smoke Rise Rd stay to right Park at House #80 Walk in through woods to right.  Sample area was along the shoreline within the wide channel going towards the outlet.,P
20060808-800-NHDES-Isinglass River-Barrington-EFISH,2006,20060808,800,NHDES,Isinglass River,98P-54,Barrington,STRAFFORD,EFISH,43.245592,-71.004109,0,0,P
20060821-1220-WAP-Lake Winnipesaukee-Moultonborough-SEINE,2006,20060821,1220,WAP,Lake Winnipesaukee,Blacky's Cove,Moultonborough,CARROLL,SEINE,43.71009,-71.44321,0,Blackey's Cove/Inlet from Lake Kanastaka.  BS were easily spotted within thick vegetation.,P
20070628-800-NHDES-Berrys River-Strafford-EFISH,2007,20070628,800,NHDES,Berrys River,07p-21,Strafford,STRAFFORD,EFISH,43.28603,-71.062181,0,0,P
20080521-1100-HERB-Pemigewasset Lake-New Hampton-EBOAT,2008,20080521,1100,HERB,Pemigewasset Lake,0,New Hampton,BELKNAP,EBOAT,43.61859,-71.60264,Run#3,Surveyed between the two points of the outlet.  This location is not within the herbicide treatment area.  It was in the original herbicide treatment area but NHDES agreed not to treat for variable milfoil in areas where there is no variable milfoil.  ,P
20080717-830-EBTJV-unnamed stream-Madison-EFISH,2008,20080717,830,EBTJV,unnamed stream,0,Madison,CARROLL,EFISH,43.93388,-71.14622,RTE 113 N to FW Webb building on left,Large cascade (old rock dam in middle of site).  Very sandy bottom.  Deer and moose sign.  Grass is growing is stream,P
20080812-1000-WAP-Soucook River-Canterbury-SEINE,2008,20080812,1000,WAP,Soucook River,Along Rt. 106,Canterbury,MERRIMACK,SEINE,43.38935,-71.45635,0,0,P
20090604-1100-BS-Lake Winnipesaukee-Moultonborough-SEINE,2009,20090604,1100,BS,Lake Winnipesaukee,Northeast of Whaleback Island,Moultonborough,CARROLL,SEINE,43.72471,-71.38425,Adjacent to wetland area on mainland that is northeast of Whaleback Island,Targeted presence/absense survey for bridle shiners.  Several BS found,P
20090604-1130-BS-Lake Winnipesaukee-Moultonborough-SEINE,2009,20090604,1130,BS,Lake Winnipesaukee,Northeast of Whaleback Island,Moultonborough,CARROLL,SEINE,43.7256,-71.38383,A continuation of the shoreline northeast of Whaleback Island,Targeted presence/absense survey for bridle shiners.  Several BS found,P
20090604-1200-BS-Lake Winnipesaukee-Moultonborough-SEINE,2009,20090604,1200,BS,Lake Winnipesaukee,Northeast of Whaleback Island,Moultonborough,CARROLL,SEINE,43.72672,-71.38313,The last location before Sunrise Acres Rd that we observed bridle shiners,Targeted presence/absense survey for bridle shiners.  Several BS found,P
20090604-1230-BS-Lake Winnipesaukee-Moultonborough-SEINE,2009,20090604,1230,BS,Lake Winnipesaukee,Wetland area directly east on mainland from Whaleback Island,Moultonborough,CARROLL,SEINE,43.72199,-71.38935,Wetland area directly east on mainland from Whaleback Island,Targeted presence/absense survey for bridle shiners.  Several BS found,P
20090604-1300-BS-Lake Winnipesaukee-Moultonborough-SEINE,2009,20090604,1300,BS,Lake Winnipesaukee,Wetland area along Bryant Point,Moultonborough,CARROLL,SEINE,43.72931,-71.388659,Wetland area along Bryant Point,Targeted presence/absense survey for bridle shiners.  Several BS found,P
20090629-1200-IMPOUND-Black Brook-Manchester-EFISH,2009,20090629,1200,IMPOUND,Black Brook,Downstream of Front Street Crossing,Manchester,HILLSBOROUGH,EFISH,43.009847,-71.477422,0,"Post dam removal fish community survey.  Water depth and level from recent rains, made it difficult to survey in some locations.  FF were YOY.",P
20090914-1200-WARMWATER-Lake Winnipesaukee-Moultonborough-EBOAT,2009,20090914,1200,WARMWATER,Lake Winnipesaukee,Lees Mills YOY Bass,Moultonborough,CARROLL,EBOAT,43.73324,-71.386662,Warmwater Assessment,"YOY bass survey index site, dark water, lots of weeds",P
20100610-1100-BS-Winnipesaukee Lake-Moultonborough-DIPNET,2010,20100610,1100,BS,Winnipesaukee Lake,Green's Basin,Moultonborough,CARROLL,DIPNET,43.72319,-71.41336,Cove just west of Gilman Point,"Very large school observed in cove.  Plants observed include variable milfoil, pickerel weed, water lily, cattails, chara, and watershield.",P
20100615-1000-BS-Winnipesaukee Lake-Moultonborough-DIPNET,2010,20100615,1000,BS,Winnipesaukee Lake,Green's Basin,Moultonborough,CARROLL,DIPNET,43.72344,-71.41176,Cove just west of Gilman Point,Presence/Absence survey targetting bridle shiners.  BS captured and observed in all vegetated coves of Lake Winnipesauke in the town of Moultonborough.  All coves treated for milfoil with herbicide in the fall of 2010.  BS targetted with DIPNETs.  Other species not recorded.,P
20100615-1100-BS-Winnipesaukee Lake-Moultonborough-DIPNET,2010,20100615,1100,BS,Winnipesaukee Lake,Fox Hollow,Moultonborough,CARROLL,DIPNET,43.72451,-71.40723,Cove just west of Goodwin Island,Presence/Absence survey targetting bridle shiners. BS observed spawning over milfoil at site.  BS captured and observed in all vegetated coves of Lake Winnipesauke in the town of Moultonborough.  All coves treated for milfoil with herbicide in the fall of 2010.  BS targetted with DIPNETs.  Other species not recorded.,P
20100618-1030-BS-Lees Pond-Moultonborough-DIPNET,2010,20100618,1030,BS,Lees Pond,0,Moultonborough,CARROLL,DIPNET,43.74018,-71.40434,Inlet of small stream at north western edge of Lees Pond,"Presence/Absence survey targetting bridle shiners. No other bridle shiners found in pond, though habitat looks suitable.  Captured BS among milfoil and green algae near inlet of small stream.  Pond treated for milfoil with herbicide + DASH in 2010.  Other species not recorded.",P
20100728-1015-BS-Winnipesaukee Lake-Moultonborough-DIPNET,2010,20100728,1015,BS,Winnipesaukee Lake,Fox Hollow,Moultonborough,CARROLL,DIPNET,43.72789,-71.40078,"West edge of large cove, due west of Evergreen Island",Presence/Absence survey targetting bridle shiners.  BS captured and observed in all vegetated coves of Lake Winnipesauke in the town of Moultonborough.  All coves treated for milfoil with herbicide in the fall of 2010.,P
20100728-1100-BS-Winnipesaukee Lake-Moultonborough-DIPNET,2010,20100728,1100,BS,Winnipesaukee Lake,Fox Hollow,Moultonborough,CARROLL,DIPNET,43.72853,-71.39487,"East edge of large cove, due north of Evergreen Island",Presence/Absence survey targetting bridle shiners.  BS captured and observed in all vegetated coves of Lake Winnipesauke in the town of Moultonborough.  All coves treated for milfoil with herbicide in the fall of 2010.,P
20100728-1130-BS-Winnipesaukee Lake-Moultonborough-DIPNET,2010,20100728,1130,BS,Winnipesaukee Lake,Lees Mills,Moultonborough,CARROLL,DIPNET,43.72928,-71.38925,"Cove on west shore, just south of Lees Mills boat ramp",Presence/Absence survey targetting bridle shiners.  BS captured and observed in all vegetated coves of Lake Winnipesauke in the town of Moultonborough.  All coves treated for milfoil with herbicide in the fall of 2010.,P
20100728-1230-BS-Winnipesaukee Lake-Moultonborough-DIPNET,2010,20100728,1230,BS,Winnipesaukee Lake,Lees Mills,Moultonborough,CARROLL,DIPNET,43.73031,-71.38565,Cove on east shore. Just south of Lees Mills boat ramp,Presence/Absence survey targetting bridle shiners.  BS captured and observed in all vegetated coves of Lake Winnipesauke in the town of Moultonborough.  All coves treated for milfoil with herbicide in the fall of 2010.,P
20100728-930-BS-Winnipesaukee Lake-Moultonborough-DIPNET,2010,20100728,930,BS,Winnipesaukee Lake,Fox Hollow,Moultonborough,CARROLL,DIPNET,43.72621,-71.40428,Cove just north of Badger Island,Presence/Absence survey targetting bridle shiners.  BS captured and observed in all vegetated coves of Lake Winnipesauke in the town of Moultonborough.  All coves treated for milfoil with herbicide in the fall of 2010.,P
20100728-945-BS-Winnipesaukee Lake-Moultonborough-DIPNET,2010,20100728,945,BS,Winnipesaukee Lake,Fox Hollow,Moultonborough,CARROLL,DIPNET,43.7262,-71.40194,"Eastern edge of cove, north of Badger Island.",Presence/Absence survey targetting bridle shiners.  BS captured and observed in all vegetated coves of Lake Winnipesauke in the town of Moultonborough.  All coves treated for milfoil with herbicide in the fall of 2010.,P
20100729-1030-BS-Winnipesaukee Lake-Moultonborough-DIPNET,2010,20100729,1030,BS,Winnipesaukee Lake,Langdon Cove,Moultonborough,CARROLL,DIPNET,43.67398,-71.35388,Isolated cove at southwestern edge of Moultonborough Bay,Presence/Absence survey targetting bridle shiners.  BS captured and observed in all vegetated coves of Lake Winnipesauke in the town of Moultonborough.  All coves treated for milfoil with herbicide in the fall of 2010.,P
20100729-1100-BS-Winnipesaukee Lake-Moultonborough-DIPNET,2010,20100729,1100,BS,Winnipesaukee Lake,Lees Mills,Moultonborough,CARROLL,DIPNET,43.73378,-71.38702,Vegetated cove just east of Lees Mills boat ramp,Presence/Absence survey targetting bridle shiners.  BS captured and observed in all vegetated coves of Lake Winnipesauke in the town of Moultonborough.  All coves treated for milfoil with herbicide in the fall of 2010.,P
20100729-1130-BS-Winnipesaukee Lake-Moultonborough-DIPNET,2010,20100729,1130,BS,Winnipesaukee Lake,Lees Mills,Moultonborough,CARROLL,DIPNET,43.73358,-71.39064,Vegetated cove just west of Lees Mills boat ramp,Presence/Absence survey targetting bridle shiners.  BS captured and observed in all vegetated coves of Lake Winnipesauke in the town of Moultonborough.  All coves treated for milfoil with herbicide in the fall of 2010.,P
20100914-1000-BS-Lamprey River-Raymond-DIPNET,2010,20100914,1000,BS,Lamprey River,0,Raymond,ROCKINGHAM,DIPNET,43.05156,-71.21421,Dudley Brook confluence upstream to condos on Patriots Way.,Only targeted BS.  Other species not recorded.,P
20100914-1200-BS-Lamprey River-Raymond-DIPNET,2010,20100914,1200,BS,Lamprey River,0,Raymond,ROCKINGHAM,DIPNET,43.05576,-71.22271,From behind condos on Patriots Way upstream to Rt 27 crossing,Only targeted BS.  Other species not recorded.,P
20110722-1100-BS-Lamprey River-Epping-SEINE,2011,20110722,1100,BS,Lamprey River,0,Epping,ROCKINGHAM,SEINE,43.03913,-71.13033,Upstream of Rt. 27 bridge in drained impoundment of Bunker Pon Dam.,"BS very abundant in pool above bridge.  Fish concentrated in small channel in large mud flat due to drained impoundment in preparation for Bunker Pond Dam removal.  Some veg (floating heart) left in pool, but most of channel through old impoundment is shallow and silty.  It will be interesting to see if BS can persist in this reduced habitat.  Also observed BS upstream of old impoundment.  Fish total numbers estimated.",P
20110811-930-BS-Lamprey River-Raymond-DIPNET,2011,20110811,930,BS,Lamprey River,0,Raymond,ROCKINGHAM,DIPNET,43.021994,-71.151157,Upstream of Prescott Rd. Bridge to gradient shift just downstream of Rt. 107,"BS captured in small cove upstream from Prescott Rd bridge.  Paddled upstream - BS not captured again, despite suitable habitat, until upstream of deep pool in river known as Dead Pond.  BS observed in floating heart along edges of channel until river becomes higher gradient below Rt 107.  All individuals captured appeared to be juveniles (15 - 25mm) - no large adults observed.",P
20110823-1100-BS-Lamprey River-Raymond-DIPNET,2011,20110823,1100,BS,Lamprey River,0,Raymond,ROCKINGHAM,DIPNET,43.035381,-71.192173,Upstream of Main Street Bridge in Raymond.  Paddled to inlet of large deep pond in river.,"BS captured in vegetation along margins of ponded area of Lamprey River upstream of Main Street bridge in Raymond.  BS less abundant and patchy in this reach compared to populations upstream.  Very few larger individuals observed.  No BS observed, despite no obvious change in habitat, starting about 0.35 miles upstream of Main Street bridge down to next crossing at Epping Street.  More epiphytes on veg and shift from floating heart to pondweed as dominant plant, but changes are subtle.  Housing density increases significantly just downstream of ponded area.  Other observed species noted but not measured/counted.",P
20120731-1400-BS-Lamprey River-Epping-SEINE,2012,20120731,1400,BS,Lamprey River,Upstream of Route 27 Bridge,Epping,ROCKINGHAM,SEINE,43.03916,-71.13017,Pulled seine in shallow pool upstream from former Bunker Pond Dam site.,Captured just 4 juvenile BS in seine.  Population appears to be gretly reduced in 2nd year after dam removal.,P
20120801-1030-BS-Jones Brook-Middleton-DIPNET,2012,20120801,1030,BS,Jones Brook,Upstream of Ridge Road,Middleton,STRAFFORD,DIPNET,43.48602,-71.06211,Surveyed from bridge up to just above first beaver dam.,BS relatively abundant in pool upstream of Ridge Road. Bridle shiner habitat remains largely intact throughout the Jones Brook watershed.  One of the least impacted watersheds in New Hampshire in terms of bridle shiner habitat. ,P
20120801-1200-BS-Jones Brook-Middleton-DIPNET,2012,20120801,1200,BS,Jones Brook,Open wetland downstream of Ridge Road.,Middleton,STRAFFORD,DIPNET,43.4882,-71.05599,Hiked in from Ridge Road to outskirts of shrubby wetland. ,BS found among shrubs in wetland flooded by beaver dam downstream of Ridge Road.  Unusual to see schools of BS in shrub wetland (sweet gale/meadowsweet) away from typical aquatic plant habitat.,P
20120801-1330-BS-Jones Brook-Middleton-DIPNET,2012,20120801,1330,BS,Jones Brook,Series of Beaver Ponds accessed by gated road off of Ridge Road,Middleton,STRAFFORD,DIPNET,43.48922,-71.06724,Accessed from unlocked gated road that leads to northeastern edge of wetlands/beaver ponds.,"Healthy population of BS in remote beaver impounded wetland accessed from gated snowmobile trail off of Ridge Road.  Multiple age classes among floating heart and other aquatic veg. Also observed CCS, ECP, and FF.",P
20120801-900-BS-Jones Brook-Middleton-DIPNET,2012,20120801,900,BS,Jones Brook,Upstream of Route 152,Middleton,STRAFFORD,DIPNET,43.48199,-71.04278,Surveyed from small pool above road up to just above beaver dam.,BS found upstream of beaver pond using dip nets.  One dead individual observed.,P
20120802-1300-BS-Branch River-Milton-DIPNET,2012,20120802,1300,BS,Branch River,Mouth of the Branch River,Milton,STRAFFORD,DIPNET,43.46196,-70.97287,"Accessed by canoe from Northeast Pond Road.  Shallow, vegetated cove where Branch River flows into Northeast Pond.",BS  extremely abundant among shallow grassy vegetation at the mouth of the Branch River in Northeast Pond in Milton.,P
20120806-1100-BS-Winnipesaukee Lake-Moultonborough-DIPNET,2012,20120806,1100,BS,Winnipesaukee Lake,Blackey's Cove,Moultonborough,CARROLL,DIPNET,43.70964,-71.44266,Small vegetated cove where outlet of Lake Kanasatka empties into Blackey's Cove.,Recently treated with herbicide for milfoil control.  Very turbid compared to clear water observed in previous surveys.  BS restricted to small remaining patch of milfoil.  No BS observed in sparse remaining pond lily and other scattered plants. Population was previously considered abundant.,P
20120817-800-BS-Lamprey River-Epping-DIPNET,2012,20120817,800,BS,Lamprey River,Manmade pond adjacent to Lamprey River.,Epping,ROCKINGHAM,DIPNET,43.04225,-71.12662,Shallow manmade pond in tributary of Lamprey River just downstream of large pool below the former Bunker Pond Dam.,"Population of BS found in small, shallow manmade pond in tributary of Lamprey River just downstream of large pool below the old Bunker Pond Dam.  Large adult BS concentrated in patches of narrow leaf pondweed and coontail.  Other observed species noted.  YOY sunfish difficult to ID.",P
20130509-1000-BS-Winnipesaukee Lake-Moultonborough-DIPNET,2013,20130509,1000,BS,Winnipesaukee Lake,Greens Basin,Moultonborough,CARROLL,DIPNET,43.72337,-71.41163,Surveyed various coves in Moultonborough,"Checked Greens Basin (northern most cove with fallen tree).  Bridle shiners were present a small school very close to shoreline.  Aquatic vegetation was minimal at this point (early in the year).  Most fish were found in the vacinity of accumulated debris (small wood piles, muskrat mounds).  Schools were very patchy, not found continuously along shoreline.  Observed BC, BG, and LMB nests",P
20130509-1030-BS-Winnipesaukee Lake-Moultonborough-DIPNET,2013,20130509,1030,BS,Winnipesaukee Lake,Goodwin Island,Moultonborough,CARROLL,DIPNET,43.72622,-71.40543,Surveyed various coves in Moultonborough,"Checked cove to the west of Goodwin Island.  Bridle shiners were present a small school very close to shoreline.  Aquatic vegetation was minimal at this point (early in the year).  Most fish were found in the vacinity of accumulated debris (small wood piles, muskrat mounds).  Schools were very patchy, not found continuously along shoreline.  Observed BC, BG, and LMB nests",P
20130509-1100-BS-Winnipesaukee Lake-Moultonborough-DIPNET,2013,20130509,1100,BS,Winnipesaukee Lake,Bryants Point,Moultonborough,CARROLL,DIPNET,43.727604,-71.38949,Surveyed various coves in Moultonborough,"Checked cove due south of Lees Mills boat launch.  Bridle shiners were present a small school very close to shoreline.  Aquatic vegetation was minimal at this point (early in the year).  Most fish were found in the vacinity of accumulated debris (small wood piles, muskrat mounds).  Schools were very patchy, not found continuously along shoreline.  Observed BC, BG, and LMB nests",P
20130603-1200-EBTJV-Seaver Brook-Plaistow-EFISH,2013,20130603,1200,EBTJV,Seaver Brook,0,Plaistow,ROCKINGHAM,EFISH,42.8292,-71.08721,Surveyed below the Pollard Road crossing,"Small stream with sand and gravel substrate.  Meandering through a forested wetland having shrubs (alder, rose, barberry, and dogwood) along it's edges.  Small culvert creates a rock lined scour pool.  One bridle shiner was caught in untraditional habitat.  There must be wetland vegetation upstream (where the bridle shiner came from).",P
20130718-1000-BS-Crystal Lake-Gilmanton-DIPNET,2013,20130718,1000,BS,Crystal Lake,0,Gilmanton,BELKNAP,DIPNET,43.45327,-71.32303,Focused on areas with vegetation to look for bridle shiners,A small number of bridle shiners were found in the cove on Crystal Lake that is separated from the mainlake by Crystal Lake Rd.  This cove looked ideal for bridle shiners (dense vegetation with multiple species).  Nelson Brook enters this cove.  We canoed up it and did not find any bridle shiners in the stream.  We also checked the vegetated cove near the outlet (dam) and entire narrow part of the lake upstream from the outlet.  This area looked promising but none were found.  It would be worth looking at other waterbodies in the adjacent area (SunsetLake and Manning Lake).,P
20130723-1300-BS-Isinglass River-Barrington-DIPNET,2013,20130723,1300,BS,Isinglass River,0,Barrington,STRAFFORD,DIPNET,43.23421,-71.06772,Canoed upstream from the Rt 202 and Rt 126 intersection,Found one bridle shiner on river right side near a large school of golden shiners along the edge of a patch of floating heart.  Deep river section isolated by natural gradient break.  Pondweed and floating heart in the channel and along margins and backwaters.  Abundance of bridle shiners appears to be low.  This may make the population vulnerable.  Not sure how much other suitable habitat exists on the river.,P
20130806-1200-BS-Garland Pond-Moultonborough-DIPNET,2013,20130806,1200,BS,Garland Pond,0,Moultonborough,CARROLL,DIPNET,43.74897,-71.40708,Access pond at the cartop launch on TNC land,Good example of a pond habitat with minimal impact for bridle shiners.  We found bridle shiners immediately.  They appear to be abundant in areas with dense vegetation but not necessarily widespread.   Vegetation seems more dense and abundant along the long outlet channel of the pond versus the mainpond section where there is still vegetation but not as thick.  ,P
20130812-1000-BS-Jones Brook-Milton-DIPNET,2013,20130812,1000,BS,Jones Brook,0,Milton,STRAFFORD,DIPNET,43.45627,-71.00456,0,Bridle shiners were found in backwater of large swamp accessed from gravel pit.  Observed school over native milfoil patch lined with pickerel weed.  The area appears to be influenced by beavers.,P
20130812-1200-BS-Jones Brook-Milton-DIPNET,2013,20130812,1200,BS,Jones Brook,0,Milton,STRAFFORD,DIPNET,43.47027,-71.03724,Accessed by gated road off of Pleasant Valley Rd.,Bridle shiners were very abundant in wetland downstream from Rt 153.   They were easily captured in watershield and corse grass vegetation in main channel above and below the remnants of a beaver dam.  Habitat looks excellent throughout reach.  ,P
20130911-1200-BS-Winnipesaukee Lake-Moultonborough-DIPNET,2013,20130911,1200,BS,Winnipesaukee Lake,Blackeys Cove,Moultonborough,CARROLL,DIPNET,43.71015,-71.44244,0,Bridle shiner schools tucked back in eastern edge of cove in 1-2 feet of water.  They were found in thin grassy vegetation (niaid spp?)that extended 3/4 of the water column.  A few tufts of variable milfoil are left.  Extensive mud flats with water lily.  Habitat is greatly reduced but bridle shiners are still present in numbers and sizes.,P
20140723-1000-BS-Northeast Pond-Milton-DIPNET,2014,20140723,1000,BS,Northeast Pond,0,Milton,STRAFFORD,DIPNET,43.43438,-70.94806,0,BS found in small vegetated cove at eastern shore of Northeastern Pond,P
20140723-800-BS-Northeast Pond-Milton-DIPNET,2014,20140723,800,BS,Northeast Pond,0,Milton,STRAFFORD,DIPNET,43.46583,-70.95872,0,"Abundant BS found at northern end of Northeast Pond, at the inlet of the Salmon Falls River.  Very similar to habitat and BS abundance at the mouth of the Branch River to the southwest.",P
20140827-1000-BS-Exeter River-Fremont-DIPNET,2014,20140827,1000,BS,Exeter River,0,Fremont,ROCKINGHAM,DIPNET,42.9629,-71.09605,0,BS surveyed by canoe in Exeter River in reach between 2 dams upstream and downstream of BS record from 2006.,P
20140827-800-BS-Exeter River-Fremont-DIPNET,2014,20140827,800,BS,Exeter River,0,Fremont,ROCKINGHAM,DIPNET,42.97211,-71.12339,0,BS surveyed by canoe in Exeter River in reach between 2 dams upstream and downstream of BS record from 2006.,P
20140908-800-BS-Cocheco River-Farmington-DIPNET,2014,20140908,800,BS,Cocheco River,0,Farmington,STRAFFORD,DIPNET,43.41483,-71.09029,0,"Abundant BS found in isolated wetland separated from downstream population by high gradient rocky stream.  Clear water, floating heart, pondweed, pipewort, over rocky/gravel bottom near outlet.",P
20140909-1000-BS-Warren Brook-Wolfeboro-DIPNET,2014,20140909,1000,BS,Warren Brook,0,Wolfeboro,CARROLL,DIPNET,43.58739,-71.11895,0,BS caught in Warren Brook accessed from west end of Wentworth Lake by pulling boat over beach.,P
20140909-1200-BS-Wentworth Lake-Wolfeboro-DIPNET,2014,20140909,1200,BS,Wentworth Lake,0,Wolfeboro,CARROLL,DIPNET,43.60772,-71.13997,0,BS caught in small vegetated cove in Wentworth Lake near inlet of Ryefield Marsh.,P
20140909-1300-BS-Ryefield Brook-Wolfeboro-DIPNET,2014,20140909,1300,BS,Ryefield Brook,0,Wolfeboro,CARROLL,DIPNET,43.60986,-71.13898,0,"BS caught immediately in thick pondweed, watershield, and pond lilly encountered after passing under bridge to access Ryefield Marsh from Lake Wentworth.",P
20140909-800-BS-Wentworth Lake-Wolfeboro-DIPNET,2014,20140909,800,BS,Wentworth Lake,0,Wolfeboro,CARROLL,DIPNET,43.58765,-71.18334,0,BS caught in vegetated cove where Heath Brook enters at the southern shore of Wentworth Lake.  Divers were pulling milfoil during the survey.,P
20140929-1000-BS-Coffin Brook-Alton-DIPNET,2014,20140929,1000,BS,Coffin Brook,0,Alton,BELKNAP,DIPNET,43.41805,-71.22663,0,"BS captured by Ben Nugent and volunteer in large, low gradient, wetland stream.  Separated from upstream populations by a short, high gradient, rocky reach.",P
20140929-1200-BS-Coffin Brook-Alton-DIPNET,2014,20140929,1200,BS,Coffin Brook,0,Alton,BELKNAP,DIPNET,43.42209,-71.21125,0,"BS found in Coffin Brook accessed from Rt. 28.  Wide, low gradient, wetland stream impounded by large boulders.  Shallow with abundant submerged aquatic vegetation.  History of beaver activity throughout Coffin Brook.",P
20140929-1300-BS-Coffin Brook-Alton-DIPNET,2014,20140929,1300,BS,Coffin Brook,0,Alton,BELKNAP,DIPNET,43.42373,-71.20218,0,"BS captured in small backwater of Coffin Brook accessed from a private canoe launch at the end of Mallard Drive.  The extent of the polygon is conservative and does not include suitable habitat downstream, where BS were not found in a previous survey.",P
20140929-800-BS-Coffin Brook-Alton-DIPNET,2014,20140929,800,BS,Coffin Brook,0,Alton,BELKNAP,DIPNET,43.42734,-71.23348,0,"Paddled upstream from previous record below Coffin Brook Road crossing.  Found BS in shallow wetland stream channel among coontail, watershield, pondweed, and other grasslike veg.  Other fish species obs. included GS, FF, ECP, LMB, and CCS.",P
20150602-Connecticut River-Lebanon-EBOAT,2015,20150602,,UNK,Connecticut River,,Lebanon,,EBOAT,43.67138,-72.3046,Digitized from NH Fish survey map (StoryMap),2015 Fish Survey Presence Absence Data,P
20150723-1030-BS-Powwow River-South Hampton-DIPNET,2015,20150723,1030,BS,Powwow River,Powwow River downstream of Hillsdale Road,South Hampton,ROCKINGHAM,DIPNET,42.88101,-70.98733,Mill Brook Rd. from Curtain Rod Building on 302,"Excellent habitat for BS other than poor water clarity.  Undeveloped shoreline, abundant aquatic vegetation in coves, very little flow.  Elodea, water lily, pond weed, water shield, possible native milfoil. No floating heart.  Substrate is mud/clay and water is murky with silt and algae. Only found BS in one cove other than previous location at boat ramp.  BG, CCS, LMB (YOY), GS observed from canoe.",P
20150728-Connecticut River-Lyme-EBOAT,2015,20150728,,UNK,Connecticut River,,Lyme,,EBOAT,43.776343,-72.202409,Digitized from NH Fish survey map (StoryMap),2015 Fish Survey Presence Absence Data,P
20150730-Connecticut River-Hanover-EBOAT,2015,20150730,,UNK,Connecticut River,,Hanover,,EBOAT,43.752556,-72.228513,Digitized from NH Fish survey map (StoryMap),2015 Fish Survey Presence Absence Data,P
20150915-Connecticut River-Charlestown-EBOAT,2015,20150915,,UNK,Connecticut River,,Charlestown,,EBOAT,43.173305,-72.445486,Digitized from NH Fish survey map (StoryMap),2015 Fish Survey Presence Absence Data,P
20150924-1015-BS-unnamed pond-Moultonborough-DIPNET,2015,20150924,1015,BS,unnamed pond,Shallow pond just east of Squam Lake,Moultonborough,CARROLL,DIPNET,43.757511,-71.484479,Accessed north end of pond from Old Harvard Road off of Bean Road.,Found BS quickly along edges of deeper section at north end of wetland/pond that borders Bean Road.  Habitat looks good throughout.  Unnamed wetland/pond drains south to Wakondah Pond and eventually to Lake Kanasatka.  John Magee and Jason Carrier helped.,P
20151008-1230-BS-Heron Pond-Moultonborough-DIPNET,2015,20151008,1230,BS,Heron Pond,Upstream of Wakondah Pond,Moultonborough,CARROLL,DIPNET,43.739547,-71.476191,Accessed from Indian Carry Road and paddled upstream,"BS caught between beaver dams.  Small school of BS observed in shallow water among possible native milfoil, pipewort, and watershield.  No BS observed in small circular pond just upstream.  Landowner had beavers trapped and is now attempting to maintain water level with sandbags at bridge.  ECP and GS observed from canoe.",P
20160830-1230-BS-South River-Effingham-DIPNET,2016,20160830,1230,BS,South River,Outlet of Province Lake,Effingham,CARROLL,DIPNET,43.70039,-70.9986,Surveyed upstream and downstream of Bailey Road crossing.,"No BS at outlet of Provence Lake.  Flow is controlled by small check dam.  Sandy/clay channel surrounded by pickerel weed.  CSF, ECP, FF and LMB observed.",A
20160830-930-BS-Copp Brook-Wakefield-DIPNET,2016,20160830,930,BS,Copp Brook,Copp Brook wetland,Wakefield,CARROLL,DIPNET,43.57452,-71.00149,Surveyed upstream and downstream of Drown Road crossing by canoe.,"No BS found.  Habitat looked good from about 500 m upstream of bridge to about 0.2 miles upstream of Great East Lake.  Lake is drawn down, but not excessively.  CSF, ECP, GS, LMB and YP observed.",A
20160922-1130-BS-Copps Pond-Tuftonboro-DIPNET,2016,20160922,1130,BS,Copps Pond,Copps Pond WMA,Tuftonboro,CARROLL,DIPNET,43.678344,-71.279217,Surveyed by canoe launched at NHFG ramp.,"Very shallow pond with thick vegetation.  Habitat looks suitable, but BS not found.  Was once managed for trout.  Should check for history of rotenone treatment.  Other nontarget species observed but not recorded.",A
20160922-900-BS-Berry Pond-Moultonborough-DIPNET,2016,20160922,900,BS,Berry Pond,Berry Pond,Moultonborough,CARROLL,DIPNET,43.758615,-71.392669,Surveyed by canoe accessed from Rt. 25. ,"Habitat looked good, but no BS found.  Strange that BS would be in the adjacent, and very similar, Garland Pond, but not in Berry Pond.  Other nontarget species observed but not recorded.",A
20170814-1030-BS-Salmon Falls River-Milton-DIPNET,2017,20170814,1030,BS,Salmon Falls River,Upstream of Rowe Dam,Milton,STRAFFORD,DIPNET,43.509804,-70.954527,Accessed from Hopper Road just upstream of dam.  Paddled about 1.5 miles upstream. ,"No BS captured despite quality habitat and abundant population downstream at confluence with Northeast Pond. Floating heart, water shield, pondweed, and bladderwort present.  Grass-like vegetation very similar to habitat observed in Northeast Pond.  Should look into drawdown history of dam.  GS were very abundant.",A
20170814-1230-BS-Union Meadows Pond-Wakefield-DIPNET,2017,20170814,1230,BS,Union Meadows Pond,Union Meadows Pond at inlet,Wakefield,CARROLL,DIPNET,43.504047,-71.025018,Accessed at small bridge under RR tracks along east shore of pond.  Paddled north to inlet at northeast end of pond.,"No BS observed despite excellent habitat at northern end of pond.  Floating heart, bladderwort, grass-like vegetation abundant. Surveyed along RR tracks and into river channel.",A
20170913-1100-BS-Suncook River-Epsom-DIPNET,2017,20170913,1100,BS,Suncook River,Suncook River about 1.4 miles upstream from Rt. 4 crossing.,Epsom,MERRIMACK,DIPNET,43.243068,-71.360729,Shallow backwater of Suncook River accessed from Goboro Road. ,Milfoil and pondweed at mouth of backwater. No vegetation in backwater channel behind remnant beaver dam (may be dry at lower flow). CS observed feeding in schools at mouth of backater. No BS observed.  LMB were YOY.,A
20170913-1300-BS-Little Suncook River-Epsom-DIPNET,2017,20170913,1300,BS,Little Suncook River,Cass Pond,Epsom,MERRIMACK,DIPNET,43.223365,-71.312229,Upstream end of Cass Pond impoundment accessed from NHDOT Rest Area.,"Found small schools of BS mixed with CS over thick stands of vegetation in about 2 - 3 feet of water over sand/silt substrate.  Did not observe BS anywhere upstream.  May be very small remnant population, bordering on extirpation, at this site unless there are more BS downstream in the pond that have not been observed.  NHDES Dam Bureau is planning to remove or repair the dam.",P
20170926-1030-BS-Red Hill River-Sandwich-DIPNET,2017,20170926,1030,BS,Red Hill River,East of Great Rock Road,Sandwich,CARROLL,DIPNET,43.789808,-71.441168,Accessed from Great Rock Road heading east to large wetland on trail maintained by the Lakes Region Conservation Trust. Surveyed just above large beaver dam.,"BS found mixed in with CCS, GS, and CS in stand of Pondweed above large, active beaver dam. Small white spots observed on some individuals, possibly fungus. BS not abundant despite suitable habitat (about 5 CCS to 1 BS). Adults and juveniles present. ",P
20170926-1200-BS-Harper Brook tributary-New Hampton-DIPNET,2017,20170926,1200,BS,Harper Brook tributary,Outlet of Pemigewasset Lake,New Hampton,BELKNAP,DIPNET,43.623554,-71.611546,Large wetland complex downstream of Rt. 104. Begins at the outlet of Pemigewasset Lake and flows into Harper Brook.,Very abundant BS population found in wetland complex downstream from previously documented population at outlet of Pemi Lake. BS were the most abundant fish observed. Population currently divided by two beaver dams. Potential source for hatchery propagation or direct transfer for reintroduction.,P
20170926-900-BS-Red Hill River-Sandwich-DIPNET,2017,20170926,900,BS,Red Hill River,Turtle restoration site,Sandwich,CARROLL,DIPNET,43.793493,-71.44478,Accessed by trailhead at corner of Great Rock Road and Squam Lake Road. Wetland is next to large mound of sawdust intended for turtle nesting. ,BS captured just above old beaver dam. Found mixed in with small schools of GS and CCS among stand of narrow leaf pondweed. More habitat upstream. Property owned by Lakes Region Conservation Trust. Recently hatched wood turtles observed in large sawdust pile adjacent to wetland. Adult wood turtle observed sunning on remnant beaver dam just upstream.,P
20170929-1430-BS-unnamed pond-Meredith-DIPNET,2017,20170929,1430,BS,unnamed pond,Beaver Pond in headwaters of Wickwas Lake,Meredith,BELKNAP,DIPNET,43.618,-71.57492,Beaver pond in headwaters of Wickwas Lake just south of Rt. 104 and east of Pemigewasset Lake.,Dominant vegetation white water lily and bladderwort. Very warm. Mud substrate. Active beaver impoundment.  GS only fish species observed.,A
20170929-930-BS-Harper Brook  -New Hampton-DIPNET,2017,20170929,930,BS,Harper Brook  ,Upstream from Rt. 132 crossing,New Hampton,BELKNAP,DIPNET,43.627599,-71.638918,Harper Brook on east side of Rt. 123 just before brook bends away from the road.,"Narrow, meandering channel. Not much suitable vegetation for BS habitat. Fluctuating water levels due to recent beaver activity. No BS found. Possibly better habitat in backwater just upstream.",A
20171003-1230-BS-Exeter River-Fremont-DIPNET,2017,20171003,1230,BS,Exeter River,Upstream of Scribner Road Dam,Fremont,ROCKINGHAM,DIPNET,42.977282,-71.134551,Accessed from Scribner Road and paddled about 0.7 miles upstream.,"Partial drawdown at dam to prevent flooding. BS found in deeper water and aquatic vegetation near dam, but habitat is patchy upstream as channel becomes shallow and sandy at lower flow.  Little, if any, habitat may remain at full drawdown.  BS observed in large backwater about 0.7 miles upstream. ",P
20171003-930-BS-Exeter River-Brentwood-DIPNET,2017,20171003,930,BS,Exeter River,Upstream of Exeter River Dam,Brentwood,ROCKINGHAM,DIPNET,42.965934,-71.087349,Accessed with canoe upstream of Rt. 107 bridge. Paddled about 1 mile upstream.,"Dam was drawn down to evaluate potential removal. Grade control at bridge maintained enough water level to allow for patchy aquatic vegetation in the channel.  Bridle Shiners observed in drawn down impoundment at low abundance. Abundance increased as we moved upstream, especially where backwaters join the main channel. ",P
20171018-1000-BS-Exeter River-Brentwood-DIPNET,2017,20171018,1000,BS,Exeter River,Upstream of Pickpocket Dam,Brentwood,ROCKINGHAM,DIPNET,42.969924,-71.001332,Accessed from Pickpocket dam and paddled about 1.4 miles upstream to large backwater.,"BS abundant in shallow coves from dam upstream to large backwater. Occupied habitat could extend further upstream. Present where bottom veg, such as elodea exists. Not found in stands of water lily with no bottom veg. Could be vulnerable to extensive drawdown at dam.",P
20180629-930-BS-Lamprey River-Epping-DIPNET,2018,20180629,930,BS,Lamprey River,Downstream of Bunker Pond Dam removal,Epping,ROCKINGHAM,DIPNET,43.041706,-71.12772,"Canoed from pool below Bunker Pond Dam removal site to the Mill Street Bridge in Epping center, just upstream from Rt. 125 crossing.","One bridle shiner caught by dip net in cove just below Bunker Pond dam removal site.  May have dispersed from small, apparently manmade pond where BS population seems to be self sustaining. Abundant juvenile BS observed among stands of coontail at NW corner of pond. Adults present, but scarce. BS coexisting with LMB, FF, and small sunfish.  Searched all backwaters on Lamprey River downstream to Mill Street bridge Approximately 3.75 miles.  No other BS populations found. Heavy rain provided just enough flow for canoe -250cfs at the Raymond gage.",P
20180709-1000-BS-Kanasatka Lake-Moultonborough-DIPNET,2018,20180709,1000,BS,Kanasatka Lake,Cove near outlet,Moultonborough,CARROLL,DIPNET,43.71578,-71.44516,Vegetated cove on east shoreline just upstream of dam.,Small school of adult BS observed in surprisingly open habitat. White water lily and grass like vegetation near bottom.  Not evenly distrbuted throughout cove.,P
20180709-1130-BS-Kanasatka Lake-Moultonborough-DIPNET,2018,20180709,1130,BS,Kanasatka Lake,Vegetated cove north shore ,Moultonborough,CARROLL,DIPNET,43.72716,-71.45642,Large vegetated cove on northern shore of lake.,Large school of BS observed in deeper section of cove with thicker grass like vegetation and bladderwort.  Thinner cover throughout much of cove. Three size classes observed including YOY.,P
20180709-1300-BS-Kanasatka Lake-Moultonborough-DIPNET,2018,20180709,1300,BS,Kanasatka Lake,Western cove at inlet,Moultonborough,CARROLL,DIPNET,43.72839,-71.46835,Vegetated cove at lake inlet.,Abundant BS observed at inlet cove. No BS observed in adjacent cove where habitat appears impacted by beaches.  Vegetation is sparse and interspersed with clumps of algae.,P
20190701-1030-BS-Garland Pond-Ossipee-DIPNET,2019,20190701,1030,BS,Garland Pond,Garland Pond WMA,Ossipee,CARROLL,DIPNET,43.70042,-71.18893,Launched canoe at small F&G gravel boat ramp. Paddled around pond and into beaver impoundment upstream.,"Captured BS in good habitat near outlet. Floating heart, white water lily, yellow water lily, water shield, bladderwort, abundant grasslike vegetation (possibly Eleocharis). Observed small schools of BS among other minnow species (possibly fallfish) in shallow water upstream of pond outlet. Present, but not abundant. No dam - natural outlet. Very clear water.",P
20190701-1130-BS-unnamed stream-Ossipee-DIPNET,2019,20190701,1130,BS,unnamed stream,Garland Pond WMA,Ossipee,CARROLL,DIPNET,43.69591,-71.17693,Dragged canoe into abandoned beaver impoundment upstream of Garland Pond.,Small cluster of BS found in wetland stream upstream of abandoned beaver dam. Seems to be persisting at very low abundance.  Tributary to Garland Pond,P
20190702-1000-BS-Winnipesaukee Lake-Moultonborough-DIPNET,2019,20190702,1000,BS,Winnipesaukee Lake,Moultonborough Bay,Moultonborough,CARROLL,DIPNET,43.72929,-71.39811,Northern edge of the largest cove with aquatic vegetation in Moultonborough Bay.,"A few Bridle Shiners captured among grassy veg. mixed with white water lily. More prevalant at north end of cove. BS not widespread throughout cove, but relatively abundant in patches.",P
20190702-1030-BS-Winnipesaukee Lake-Moultonborough-DIPNET,2019,20190702,1030,BS,Winnipesaukee Lake,Moultonborough Bay,Moultonborough,CARROLL,DIPNET,43.7264,-71.40392,"Smaller vegetated cove, just west of dock.","Good habitat in cove. Grass-like veg., bladderwort, and pond lily. Observed scattered groups of BS.",P
20190702-1100-BS-Winnipesaukee Lake-Moultonborough-DIPNET,2019,20190702,1100,BS,Winnipesaukee Lake,Moultonborough Bay,Moultonborough,CARROLL,DIPNET,43.72506,-71.40709,"West of Goodwin Island, where Ben took photo of Bridle Shiners over milfoil in 2010.","A few individuals observed in area where Ben took photo of BS over milfoil in 2010. Similar habitat as other sites (grass-like veg., white water lily, bladderwort. A few patches of milfoil. Milfoil was widespread throughout this area in 2010, prior to treatment. Patches of grasslike veg appeared important then too based on field notes. BS oberved in larger numbers in 2010 and appeared to be actively spawning over milfoil. Should investigate possibility of increasing extent of grasslike veg to improve bridle shiner habitat and maybe slow recolonization of milfoil.",P
20190702-1200-BS-Winnipesaukee Lake-Moultonborough-DIPNET,2019,20190702,1200,BS,Winnipesaukee Lake,Moultonborough Bay,Moultonborough,CARROLL,DIPNET,43.72374,-71.41064,Last vegetated cove at north end before entering Greens Basin.,A few small schools of BS found tight to shoreline. Very patchy. Not widespread. Dead bladderwort observed near large fallen pine tree. Similar habitat as in other nearby coves.,P
20190702-1230-BS-Winnipesaukee Lake-Moultonborough-DIPNET,2019,20190702,1230,BS,Winnipesaukee Lake,Moultonborough Bay,Moultonborough,CARROLL,DIPNET,43.723,-71.38964,Vegetated Cove adjacent to small island west of Whaleback Island.,School of 8 to 10 bridle shiners over grasslike veg next to island with large boulder. Grasslike veg seems to be main limiting factor for presence. ,P
20190702-1300-BS-Winnipesaukee Lake-Moultonborough-DIPNET,2019,20190702,1300,BS,Winnipesaukee Lake,Moultonborough Bay,Moultonborough,CARROLL,DIPNET,43.72422,-71.38396,Small cove north of Whaleback Island at southeast end of peninsula.,Observed 1 or 2 bridle shiners in grasslike veg - very patchy. Could not capture (captured and confirmed in all other coves surveyed on this date). Very small cove.,P
20190702-900-BS-Winnipesaukee Lake-Moultonborough-DIPNET,2019,20190702,900,BS,Winnipesaukee Lake,Moultonborough Bay,Moultonborough,CARROLL,DIPNET,43.72648,-71.40124,Southern end of narrow channel connecting two large coves of aquatic vegetation in Moultonborough Bay.,Captured BS among grasslike vegetation (Eleocharis?) at south end of narrow channel connecting two coves. Two small schools observed. Not much suitable habitat - mostly water lily and water shield (too sparse to provide adaquate cover. A few small patches of milfoil - not widespread.,P
20190702-930-BS-Winnipesaukee Lake-Moultonborough-DIPNET,2019,20190702,930,BS,Winnipesaukee Lake,Moultonborough Bay,Moultonborough,CARROLL,DIPNET,43.72813,-71.40121,Western edge of the largest cove with aquatic vegetation in Moultonborough Bay.,"Observed along shoreline among grasslike vegetation, white pond lily, and water shield. Most of cove unsuitable - vegetation too sparse. Scattered patches of milfoil. Small schools of 8 -10 Bridle Shiners observed.",P
20190724-1000-BS-Pemigewasset Lake-New Hampton-DIPNET,2019,20190724,1000,BS,Pemigewasset Lake,Pemigewasset Lake outlet,New Hampton,BELKNAP,DIPNET,43.6185,-71.603756,Surveyed among thick submerged aquatic vegetation in outlet with seine net by boat accessed from campground launch.,"First attempt at capturing BS for stocking pond at Warren Hatchery. BS present but not abundant. Pulling seine net in  circle and back to john boat (1 person in water with chest waders and 2 in the boat) worked well, but catch rate was low. Motor died on way back. Mortality was high among juveniles. Mostly adults survived. About 15 to 20 total. ",P
20190809-1000-BS-Salmon Falls River-Milton-DIPNET,2019,20190809,1000,BS,Salmon Falls River,Upstream of Northeast Pond,Milton,STRAFFORD,DIPNET,43.473848,-70.969804,Paddled upstream on Salmon Falls River from canoe launch in Maine on upper Northeast Pond off of Edegcomb Drive. ,BS abundant 30 to 50 observed. ,P
20190809-1100-BS-Salmon Falls River-Milton-DIPNET,2019,20190809,1100,BS,Salmon Falls River,Upstream of Northeast Pond,Milton,STRAFFORD,DIPNET,43.47388,-70.970964,Paddled upstream on Salmon Falls River from canoe launch in Maine on upper Northeast Pond off of Edegcomb Drive. ,BS abundant in cove. Multiple age classes.,P
20190809-1230-BS-Salmon Falls River-Milton-DIPNET,2019,20190809,1230,BS,Salmon Falls River,Upstream of Northeast Pond,Milton,STRAFFORD,DIPNET,43.4797,-70.97066,Paddled upstream on Salmon Falls River from canoe launch in Maine on upper Northeast Pond off of Edegcomb Drive. GPS coordinates mark upstream end of survey.,"BS abundant in multiple year classes throughout cove at mouth of Salmon Falls River and in river upstream in suitable habitat. Found in backwater coves and in patches of vegetation in mainstem river. Excellent habitat - clear water, sandy substrate, abundant stands of sumberged aquatic vegetation. River consists of deeper pools and shallow runs, but flow is slow enough to be suitable for BS even in main channel. Very healthy population. Should continue survey upstream. to next crossing.",P
20190809-930-BS-Northeast Pond-Milton-DIPNET,2019,20190809,930,BS,Northeast Pond,Upstream of Northeast Pond,Milton,STRAFFORD,DIPNET,43.471506,-70.961492,Just south of canoe launch on Maine side of Northeast Pond. Near southern end of large vegetated cove at the mouth of the Salmon Falls River.,Large schols of BS observed in thick aquatic vegetation at northern end of Northeast Pond. YOY and adults observed.,P
20190809-945-BS-Salmon Falls River-Milton-DIPNET,2019,20190809,945,BS,Salmon Falls River,Upstream of Northeast Pond,Milton,STRAFFORD,DIPNET,43.47342,-70.96448,Paddled upstream on Salmon Falls River from canoe launch in Maine on upper Northeast Pond off of Edegcomb Drive. ,YOY BS observed in cove on river left side of Maine Channel. BS abudant in suitable habitat throughout area.,P
20190815-1030-BS-Branch River-Milton-SEINE,2019,20190815,1030,BS,Branch River,Upstream from Northeast Pond confluence,Milton,STRAFFORD,SEINE,43.461778,-70.973741,Launched boat at campground on west shore of Northeast Pond and captured BS with seine net in vegetated cove where Branch River empties into pond.,"BS very abundant among Eulocharis in backwater at mouth of Branch River. Pulled seine net into john boat and captured over 100 BS for transfer to Warren Hatchery. Used cold water from Powder Mill Hatchery. Adult survival was good, but mortality was high among juveniles. Next time should use fiberglass jeep tank with aerator.",P
20190920-1100-BS-Suncook River-Barnstead-DIPNET,2019,20190920,1100,BS,Suncook River,Downstream of White Oak Road,Barnstead,BELKNAP,DIPNET,43.40014,-71.29336,Launched canoe at White Oak Road and paddled downstream for approximately 0.7 miles.,"Observed 3 BS in small backwater along meandering, widening channel as stream approaches Suncook Lake. No other BS observed despite suitable habitat throughout reach.",P
20190920-900-BS-Soucook River-Loudon-DIPNET,2019,20190920,900,BS,Soucook River,Fox Pond below Route 106 bridge.,Loudon,MERRIMACK,DIPNET,43.289271,-71.465731,Dirt access road off of South Village Road just west of Route 106 bridge. ,Confirmed BS still abundant in thick vegetation (mostly floating heart) under bridge. Vegetation just starting to turn brown as nights get colder.,P
20190924-1400-BS-Beaver Brook-New Durham-DIPNET,2019,20190924,1400,BS,Beaver Brook,Upstream of Hines Road/Caverly Road crossing,New Durham,STRAFFORD,DIPNET,43.53412,-71.16386,Hiked upstream with chest waders about 0.35 miles and then checked downstream to first beaver dam (about 0.12 miles from crossing).,"No BS found. Habitat looked good. Grass-like vegetation (Eulocharis?), bladderwort, coontail, pondweed, sand/gravel/mud substrate, Series of beaver dams. Some active, some old. Similar to Jones Brook. Surrounded by bog - Sphagnum, leatherleaf, blueberries. Low water, but deep enough to maintain aquatic vegetation. May get very low in dry years. Elevation may be just too high (734'). No other BS populations found above 700'. Observed/captured FF, GS, CCS, and ECP. All abundant except ECP. No other species observed. BS found locally in other watersheds. Should check downstream in lower Beaver Brook.",A
20200707-1000-BS-Isinglass River-Barrington-DIPNET,2020,20200707,1000,BS,Isinglass River,Upstream of Route 126,Barrington,Strafford,DIPNET,43.24041,-71.08381,Low gradient section of river southwest of Route 126. Best access from canoe launch on town conservation area off of New Bow Lake Road.,"BS captured in high quality habitat (mostly floating heart with bladderwort mixed in). Intact riparian zone.  Isinglass River becomes deeper upstream.  Just downstream, habitat turns rocky and faster flowing from possible remnants of old dam to Route 126 bridge.",P
20200707-1230-BS-Isinglass River-Barrington-DIPNET,2020,20200707,1230,BS,Isinglass River,Isinglass River upstream of Route 126,Barrington,Strafford,DIPNET,43.24493,-71.09391,Paddled upstream of 4 beaver dams to where habitat shifts from low gradient to slightly higher gradient with faster flow and more gravel substrate.,"Coordinates mark approximate upstream limit of suitable BS habitat, although no BS observed above beaver dam at confluence of Nippo Brook. Mussels observed at location.  LMB's were YOY.",A
20200707-1530-BS-Isinglass River-Barrington-DIPNET,2020,20200707,1530,BS,Isinglass River,Isinglass River at confluennce with Nippo Brook,Barrington,Strafford,DIPNET,43.24173,-71.09005,"Paddled upstream from New Bow Lake Road access to confluence with Nippo Brook, just below large beaver dam.","Last confirmed capture of BS heading upstream in low gradient section of Isinglass River.  Multiple beaver dams upstream. Habitat continues to be suitable, but aquatic plant community dominated more by spikerush than floating heart as one moves upstream. Eventually becomes riffle habitat with gravel substrate. Upstream extent of survey =  43.24573, -71.09586.",P
20200708-900-BS-Heads Pond-Hooksett-DIPNET,2020,20200708,900,BS,Heads Pond,Heads Pond,Hooksett,Merrimack,DIPNET,43.100793,-71.439652,Started just upstream of Route 3 bridge and paddled clockwise around the shoreline of the pond.,"Survey to confirm BS extirpation from Heads Pond. No BS observed. Habitat suitable, but not ideal. Vegetation density seems adequate in patches, but a little thin in much of the lake. Mostly pondweeds, bladderwort, water lilies, and patches of spikerush.  Possible boat access from clearing on east side.  Coordinates mark potential stocking site. Alternative site would be in riverine section near Route 3 bridge.",A
20200729-930-BS-Pine River-Effingham-DIPNET,2020,20200729,930,BS,Pine River,Lower Pine River,Effingham,Carroll,DIPNET,43.74906,-71.11903,Started at boat ramp on Route 25 and paddled upstream about 2.7 miles.,"Meandering river channel with sandy substrate. A little too much flow to be suitable BS habitat. Some habitat in backwaters, but no BS observed.",A
20200805-900-BS-Nippo Brook-Barrington-DIPNET,2020,20200805,900,BS,Nippo Brook,Wetland upstream of Range Road off of Province Road,Barrington,Strafford,DIPNET,43.22915,-71.09283,Surveyed wetland upstream of Range Road off of Province Road.,Aquatic vegetation mostly pondweed with some coontail. Muddy substrate with dark stained water. Wetland is partially formed by boulders stacked at downstream end - very old. Thousands of GS and BG YOY. Observed CCS above large beaver dam. No BS observed. Most of wetland is relatively deep with sparse vegetation with high turbidity. ,A
20200806-1000-BS-Cooks Pond-Madison-DIPNET,2020,20200806,1000,BS,Cooks Pond,Outlet of Cooks Pond ,Madison,Carroll,DIPNET,43.864689,-71.15851,Launched at Silver Lake and traveled up tributary into Cooks Pond.,"Had to dipnet from shockboat because john boat was not available. Excellent habitat in low gradient tributary that connects Cooks Pond with Silver Lake. Abundant BS observed along marjins of stream among bladderwort, spikerush, white water lily, and pondweed. Made it to Cooks Pond despite getting stuck on one remnant beaver dam. Observed large school of BS just below dam. No BS observed around most of the perimeter of Cooks Pond. Vegetation is somewhat patchy and thinner than it is in the stream.  Large LMB and abundant GS observed in pond. BS were relatively abundant mixed with schools of CCS and YOY sunfish near outlet of pond. Most of watershed is protected by the Nature Conservancy pine barrens property. ",P
20200812-1000-BS-Squam River-Ashland-DIPNET,2020,20200812,1000,BS,Squam River,Upstream and downstream of Squam Lake Dam,Ashland,Grafton,DIPNET,43.716134,-71.622126,Surveyed upstream and downstream of dam in Squam River.,"No BS observed. Habitat appears suitable. Also observed sunfish, but could not ID.",A
20200813-1100-BS-Purity Lake-Madison-DIPNET,2020,20200813,1100,BS,Purity Lake,Lower Purity Lake ,Madison,Carroll,DIPNET,43.861363,-71.0886,Surveyed in southern part of lake.,Habitat looks good. BS still abundant. Observed immediately.,A
20200813-1300-BS-Archers Pond-Ossipee-DIPNET,2020,20200813,1300,BS,Archers Pond,Archers Pond,Ossipee,Carroll,DIPNET,43.721619,-71.141728,Accessed from Archers Pond Road.,"Habitat not suitable for BS. Observed large YP along with sunfish and LMB. Larger shiners present, but could not ID. ",A
20200818-1030-BS-Salmon Falls River-Milton-DIPNET,2020,20200818,1030,BS,Salmon Falls River,Downtream of Western Avenue Bridge,Milton,Strafford,DIPNET,43.492732,-70.965492,Launced canoe behind Tilton Trailer Rental/Hurd Lumber on Maine side off of Foxes Ridge Road.,Found BS in backwater just downstream from launch site. Appears to be upstream limit of BS in this section of the Salmon Falls River. Habitat becomes less suitable as you move upstream. More cobble/gravel riffle habitat as you approach bridge on Western Ave near tannery/textile mill contamination site. ,P
20200818-1230-BS-Branch River-Milton-DIPNET,2020,20200818,1230,BS,Branch River,Downstream of Applebee Road Bridge,Milton,Strafford,DIPNET,43.4756,-70.98799,Launched canoe from access point at junction of Route 125 and Applebee Road. Paddled downstrean to Northeast Pond.,Adult BS first captured in patch of water lily and pondweed in small backwater along east shore of river. River is mostly shallow and sandy with intact riparian zone. BS habitat is patchy and mostly confined to small coves and backwaters with aquatic vegetation off of main channel. BS become much more abundant as you approach Northeast Pond. Coordinates mark the first capture and upstream limit of BS habitat in this reach.,P
20200917-1130-BS-Pemigewasset Lake-New Hampton-DIPNET,2020,20200917,1130,BS,Pemigewasset Lake,Pemigewasset Lake outlet,New Hampton,Belknap,DIPNET,43.618571,-71.604201,Launched boat at campground and surveyed upper end of lake outlet.,A small number of BS observed in outlet of Pemigewasset Lake. Definitely not abundant despite relatively high quality habitat. Abundant aquatic vegetation in wetland stream that drains lake.,P
20200917-900-BS-Harper Brook-New Hampton-DIPNET,2020,20200917,900,BS,Harper Brook,Downstream of Route 104,New Hampton,Belknap,DIPNET,43.623405,-71.611435,Surveyed downstream of Route 104.,"Culvert was recently removed on old dirt road that runs parralel to Route 104. Second time we surveyed site and found no BS. Bridle Shiners were observed in abundance in 2018. Habitat does not appear to have changed. Wetland is large, so BS may continue to occupy habitat downstream. Annual abundance could be naturally variable at some locations. Hard to tell if site was potentially impacted by culvert removal process. ",A
20210616-1000-BS-Soucook River-Loudon-DIPNET,2021,20210616,1000,BS,Soucook River,Soucook River downstream of Rocky Pond,Loudon,MERRIMACK,DIPNET,43.392945,-71.455705,"First low gradient reach downstream of Rocky Pond, accessed from Route 106.",Looking for BS to stock in pond at Warren Hatchery. Only captured 7 individuals. Collected bladderwort and floating heart and transferred to Warren to try to establish more suitable BS habitat in pond.,P
20210618-1030-BS-Purity Lake-Eaton-DIPNET,2021,20210618,1030,BS,Purity Lake,Purity Lake inlet,Eaton,CARROLL,DIPNET,43.878971,-71.082906,Vegetated at cove at northern end of Purity Lake at mouth of inlet stream.,Looking for BS to stock in pond at Warren Hatchery. Captured approximately 80 BS in cove at north end of Purity Lake and transferred them to Warren.,P
20210623-1300-BS-Crystal Lake-Gilmanton -DIPNET,2021,20210623,1300,BS,Crystal Lake,Crystal Lake ,Gilmanton ,BELKNAP,DIPNET,43.429503,-71.303378,Launched at boat ramp and surveyed south end of lake near outlet.,"Habitat looked good. One small school of BS observed (one individual captured). Abundant spike rush and floating heart. Similar habitat to Salmon Falls River at upper Northeast Pond. Strange that so few BS observed despite apparently suitable habitat. Patches of suitable habitat near outlet dam, but deeper water made survey difficult. Dam has gate capable of draw down. It's possible that past water level fluctuations at dam may have impacted BS population. Ed and Dalton checked coves at north end of lake, but too windy to survey effectively.",P
20210623-930-BS-Rocky Pond-Gilmanton-DIPNET,2021,20210623,930,BS,Rocky Pond,Rocky Pond,Gilmanton ,BELKNAP,DIPNET,43.405411,-71.454664,Surveyed submerged aquatic vegetation throughout pond.,Habitat sparse and vegetation was brown. Looks like vegetated coves may have been recently treated with herbicide for milfoil control. No additional cover along shoreline - too shallow. No BS observed.,A
20210712-1000-BS-Chocorua Lake-Tamworth-DIPNET,2021,20210712,1000,BS,Chocorua Lake,Chocorua Lake,Tamworth,CARROLL,DIPNET,43.896323,-71.231185,Surveyed entire perimeter of lake.,Checked for suitable habitat around edge of pond. Vegetation mostly too sparse. No BS observed.,A
20210712-1200-BS-Moores Pond-Tamworth-DIPNET,2021,20210712,1200,BS,Moores Pond,Moores Pond,Tamworth,CARROLL,DIPNET,43.858341,-71.199931,Surveyed suitable BS habitat on East side of pond and at inlet.,"Good BS habitat at inlet and in shallow areas along western half of pond. Moores Pond Dam at outlet classified as ""ruins"". Should survey additional habitat in the Chocorua River watershed.",P
20210713-1100-BS-Snake River-New Hampton-DIPNET,2021,20210713,1100,BS,Snake River,Upstream of Waukewan Road,New Hampton,BELKNAP,DIPNET,43.664071,-71.545869,Snake River near confluence with Waukewan Lake up to powerlines.,BS found near inlet of Waukewan Lake. Suitable habitat upstream in Snake River to powerlines.,P
20210714-1030-BS-Horn Pond-Wakefield-DIPNET,2021,20210714,1030,BS,Horn Pond,Horn Pond at inlet,Wakefield,CARROLL,DIPNET,43.56938,-70.96678,Surveyed only area of suitable habitat at inlet of Horn Pond.,Only suitable BS habitat is at inlet and vegetated cove at north end of Horn Pond. No BS observed.,A
20210715-1000-BS-Upper Suncook Lake-Barnstead-DIPNET,2021,20210715,1000,BS,Upper Suncook Lake,Upper Suncook Lake at inlet,Barnstead,BELKNAP,DIPNET,43.396857,-71.289063,"Vegetated cove at north end of lake just east of inlet stream, near town beach.",BS captured among submerged aquatic vegetation at north end of lake near town beach. Previously thought to be extirpated from lake due to extensive herbicide treatment for milfoil. For some reason BS appear to be at low abundance in the inlet channel despite suitable habitat.,P
20210715-1200-BS-Brindle Pond-Barnstead-DIPNET,2021,20210715,1200,BS,Brindle Pond,Brindle Pond,Barnstead,BELKNAP,DIPNET,43.36458,-71.244865,Surveyed Brindle Pond from boat launched at ramp on south end of pond.,No BS observed despite suitable habitat.,A
20210715-1400-BS-Whites Pond-Pittsfield-DIPNET,2021,20210715,1400,BS,Whites Pond,Whites Pond,Pittsfield,MERRIMACK,DIPNET,43.302623,-71.313822,Accessed by canoe from parking area near bridge at Catamount Road.,Poor quality BS habitat.,A
20210716-1100-BS-Conway Lake-Conway-DIPNET,2021,20210716,1100,BS,Conway Lake,Conway Lake,Conway,CARROLL,DIPNET,43.979437,-71.049537,"Surveyed suitable habitat near boat ramp at north end of lake, in isolated coves along west shore, and in suitable habitat near inlet at south end.","Suitable habitat near inlet and outlet and in some isolated coves, but no BS observed.  ",A
20210716-1400-BS-White Lake-Tamworth-DIPNET,2021,20210716,1400,BS,White Lake,White Lake,Tamworth,CARROLL,DIPNET,43.835221,-71.221804,Surveyed entire perimeter of lake.,Surveyed with John Boat all the way around lake. Sandy substrate. Vegetation too thin to support BS.,A
20210721-1100-BS-Exeter River-Exeter-DIPNET,2021,20210721,1100,BS,Exeter River,Exeter River downstream of Pickpocket Dam,Exeter,ROCKINGHAM,DIPNET,42.96531,-70.941278,Paddled reach from Route 111 bridge downstream to baseball fields upstream of dam removal site in the town of Exeter.,Ed and Dalton paddled the Exeter River below Pickpocket Dam. They started at the Route 111 bridge and ended downstream at the baseball fields just upstream from the dam removal site in downtown Exeter. BS were found in suitable habitat throughout reach. This is good news since the dam removal has eliminated the threat of sudden water level fluctuations. The primary threat now is potential habitat degradation due to water quality declines related to increasing development in the watershed.  Most of the low gradient reaches of the mainstem Exteter River support BS populations.,P
20210722-1000-BS-Winona Lake-New Hampton-DIPNET,2021,20210722,1000,BS,Winona Lake,Winona Lake,New Hampton,BELKNAP,DIPNET,43.671153,-71.562167,Surveyed near boat ramp and south of Winona Road bridge to powerlines.,BS habitat quality not great from outlet of Winona Lake downstream to powerlines.,A
20210722-1200-BS-Hawkins Pond-Center Harbor-DIPNET,2021,20210722,1200,BS,Hawkins Pond,Hawkins Pond,Center Harbor,BELKNAP,DIPNET,43.687313,-71.558016,Surveyed suitable habitat mostly in southern part of pond.,"Habitat looked good, but no BS observed.",A
20210723-1000-BS-Bearcamp Pond-Sandwich-DIPNET,2021,20210723,1000,BS,Bearcamp Pond,Bearcamp Pond,Sandwich,CARROLL,DIPNET,43.819989,-71.377072,Surveyed suitable habitat at inlet.,"Suitable habitat at inlet. One similar looking species observed, but appeared to be moving too quickly to be BS.",A
20210723-1200-BS-Berry Pond-Moultonborough-DIPNET,2021,20210723,1200,BS,Berry Pond,Berry Pond,Moultonborough,CARROLL,DIPNET,43.767615,-71.39549,Surveyed suitable habitat at northern and southern edges of pond.,"Suitable habitat throughout pond, but no BS observed. Strange that BS are present in Garland Pond, which is just to the west. This is the second survey of Berry Pond with no BS observations.",A
20210723-1400-BS-Wickwas Lake-Meredith-DIPNET,2021,20210723,1400,BS,Wickwas Lake,Wickwas Lake ,Meredith,BELKNAP,DIPNET,43.616417,-71.557663,Large vegetated cove on western shore of lake.,Found BS in large cove on western shore of lake.,P
20210802-1230-BS-Rollins Pond-Sanbornton-DIPNET,2021,20210802,1230,BS,Rollins Pond,Rollins Pond,Sanbornton,BELKNAP,DIPNET,43.531691,-71.603899,Surveyed pond by boat launched at Stage Road.,Paddled canoe downstream from Route 132 through faster flowing streatch and over beaver dam. Habitat similar to Cawley Pond. Ended at outlet where current picks up again. No BS observed.,A
20210802-1330-BS-Hermit Lake-Sanbornton-DIPNET,2021,20210802,1330,BS,Hermit Lake,Hermit Lake north end,Sanbornton,BELKNAP,DIPNET,43.570162,-71.610655,Suveyed vegetated cove at north end of lake.,"Surveyed large cove at north end of lake. Used private beach launch. Good BS habitat in patches. Bladderwort and grasslike species. Only observed GS, LMB, and BG. No sign of BS. Water level 1 - 2 feet above normal.",A
20210802-940-BS-Cawley Pond-Sanbornton-DIPNET,2021,20210802,940,BS,Cawley Pond,Cawley Pond,Sanbornton,BELKNAP,DIPNET,43.54024,-71.605356,Surveyed pond by canoe launched at Stage Road.,"Able to launch john boat from canoe access point along road due to unusually high water. Mostly water lily and water shield. Many plants submerged in high water. Dark, tannic water. Floating mats of vegetation. All mud, no sand substrate. Very little spikerush. No floating heart. BS habitat appears marginal. Observed only GS, LMB, and ECP. Motored up inlet to first beaver dam.",A
20220628-1100-BS-Warren Hatchery Pond-Warren-DIPNET,2022,20220628,1100,BS,Warren Hatchery Pond,Warren Hatchery pond,Warren,,DIPNET,43.91119,-71.88679,,,P
20220629-1000-BS-Warren Hatchery Pond-Warren-MINNOWTRAP,2022,20220629,1000,BS,Warren Hatchery Pond,Warren Hatchery pond,Warren,,MINNOWTRAP,43.91119,-71.88679,,,P
20220711-1030-BS-Red Hill River-Moultonborough-DIPNET,2022,20220711,1030,BS,Red Hill River,Red Hill River between Schoolhouse Road crossing and Garland Pond,Moultonborough,,DIPNET,43.77535,-71.4158,,,P
20220711-1130-BS-Red Hill River-Moultonborough-DIPNET,2022,20220711,1130,BS,Red Hill River,Red Hill River between Schoolhouse Road crossing and Garland Pond,Moultonborough,,DIPNET,43.77349,-71.41493,,,P
20220711-1330-BS-Garland Pond-Moultonborough-DIPNET,2022,20220711,1330,BS,Garland Pond,Garland Pond southern cove,Moultonborough,,DIPNET,43.74968,-71.41143,,,P
20220823-1430-BS-Exeter River-Chester-DIPNET,2022,20220823,1430,BS,Exeter River,Fremont Road,Chester,,DIPNET,42.970093,-71.195469,,,P
20220824-1030-BS-Warren Hatchery Pond-Warren-DIPNET,2022,20220824,1030,BS,Warren Hatchery Pond,Warren Hatchery pond,Warren,,DIPNET,43.91119,-71.88679,,,P
20220826-1030-BS-Long Pond-Northwood-DIPNET,2022,20220826,1030,BS,Long Pond,Long Pond,Northwood,,DIPNET,43.244662,-71.22808,,,A
20220914-1330-BS-Lamprey River-Newmarket-DIPNET,2022,20220914,1330,BS,Lamprey River,Piscassic Park ,Newmarket,,DIPNET,43.0899038,-70.942192,,,A
UNK-Canobie Lake-Salem/Windham,9999,,,UNK,Canobie Lake,,Salem/Windham,,,42.79588131,-71.25524414,Lake centroid,Extirpated due to loss of habitat from shoreline development.,A
UNK-Lamprey River-Bunker Pond-Epping,9999,,,UNK,Lamprey River,Bunker Pond,Epping,,,43.03823985,-71.12955943,Digitized coordinates from 1992 aerial imagery (Google Earth),Bridle shiners were extirpated from the impoundment upstream of the Bunker Pond Dam after its removal in 2011. The river channel that formed in the accumulated sediment upstream of the dam was too shallow to support aquatic vegetation. A remnant bridle shiner population exists in a small manmade pond that drains into the river downstream from the old dam.,A
UNK-Lower Suncook Lake-Barnstead,9999,,,UNK,Lower Suncook Lake,,Barnstead,,,43.37019733,-71.26523831,Lake centroid,"Presumed extirpated. The Suncook Lakes have a long history of intensive milfoil control, drawdowns, and aquatic vegetation loss from shoreline development.",A
UNK-Oyster River-Mill Pond-Durham,9999,,,UNK,Oyster River,Mill Pond,Durham,,,43.130431,-70.92090284,Mill Pond: an impoundment of the Oyster River,"The bridle shiner population in Mill Pond, an impoundment on the Oyster River, was studied extensively by Harrington (1947). The population appears to have been extirpated from the pond, possibly during the construction of a fish ladder, which required draining the impoundment upstream of the dam in the 1970’s.",A
UNK-Pleasant Lake-Deerfield,9999,,,UNK,Pleasant Lake,,Deerfield,,,43.19053025,-71.26006856,Point at northern end of cove: no precise survey location known,Extirpated due to loss of habitat from shoreline development.,A
UNK-Shadow Lake-Salem/Windham,9999,,,UNK,Shadow Lake,,Salem/Windham,,,42.81891546,-71.2393033,Lake centroid,Extirpated due to loss of habitat from shoreline development.,A
UNK-Wheelwright Pond-Lee,9999,,,UNK,Wheelwright Pond,,Lee,,,43.13737961,-71.01073923,Unknown survey location: lat/long point in center of pond,"Noted as present by Harrington (1947), bridle shiners appear to no longer exist in the pond. The cause of extirpation is unknown. Current habitat appears suitable for bridle shiners.",A
UNK-Winnipesaukee Lake-Fish Cove-Meredith,9999,,,UNK,Winnipesaukee Lake,Fish Cove,Meredith,,,43.64422564,-71.43832745,Digitized coordinates: northern end of cove,Presumed extirpated from Fish Cove. The cove has a long history of herbicide treatments to control variable milfoil,A
UNK-Winnisquam Lake-Sanbornton/Laconia/Belmont,9999,,,UNK,Winnisquam Lake,,Sanbornton/Laconia/Belmont,,,43.53961678,-71.50711264,Lake centroid,Extirpated due to loss of habitat from shoreline development.,A
